Order_ID,Date,Region,Product,Category,Quantity,Price,Amount
2000,2023-01-01 00:00:00.000000000,North,Charger,Accessories,4,800,3200
2001,2023-01-01 17:30:25.250501002,West,Charger,Accessories,3,800,2400
2002,2023-01-02 11:00:50.501002004,East,Headphones,Accessories,5,2000,10000
2003,2023-01-03 04:31:15.751503006,East,Mouse,Accessories,3,500,1500
2004,2023-01-03 22:01:41.002004008,West,Keyboard,Accessories,3,1500,4500
2005,2023-01-04 15:32:06.252505010,West,Headphones,Accessories,4,2000,8000
2006,2023-01-05 09:02:31.503006012,South,Keyboard,Accessories,5,1500,7500
2007,2023-01-06 02:32:56.753507014,West,Monitor,Electronics,2,12000,24000
2008,2023-01-06 20:03:22.004008016,North,Monitor,Electronics,5,12000,60000
2009,2023-01-07 13:33:47.254509018,South,Monitor,Electronics,2,12000,24000
2010,2023-01-08 07:04:12.505010020,North,Headphones,Accessories,4,2000,8000
2011,2023-01-09 00:34:37.755511022,East,Laptop,Electronics,3,55000,165000
2012,2023-01-09 18:05:03.006012024,West,Charger,Accessories,2,800,1600
2013,2023-01-10 11:35:28.256513026,West,Monitor,Electronics,4,12000,48000
2014,2023-01-11 05:05:53.507014028,West,Charger,Accessories,3,800,2400
2015,2023-01-11 22:36:18.757515030,West,Charger,Accessories,4,800,3200
2016,2023-01-12 16:06:44.008016032,North,Laptop,Electronics,3,55000,165000
2017,2023-01-13 09:37:09.258517034,North,Keyboard,Accessories,5,1500,7500
2018,2023-01-14 03:07:34.509018036,West,Charger,Accessories,2,800,1600
2019,2023-01-14 20:37:59.759519038,South,Laptop,Electronics,4,55000,220000
2020,2023-01-15 14:08:25.010020040,North,Mouse,Accessories,2,500,1000
2021,2023-01-16 07:38:50.260521042,South,Mouse,Accessories,5,500,2500
2022,2023-01-17 01:09:15.511022044,East,Monitor,Electronics,4,12000,48000
2023,2023-01-17 18:39:40.761523046,North,Monitor,Electronics,4,12000,48000
2024,2023-01-18 12:10:06.012024048,South,Charger,Accessories,3,800,2400
2025,2023-01-19 05:40:31.262525050,South,Laptop,Electronics,4,55000,220000
2026,2023-01-19 23:10:56.513026052,South,Monitor,Electronics,2,12000,24000
2027,2023-01-20 16:41:21.763527054,West,Mobile,Electronics,2,30000,60000
2028,2023-01-21 10:11:47.014028056,East,Mobile,Electronics,5,30000,150000
2029,2023-01-22 03:42:12.264529058,West,Mouse,Accessories,2,500,1000
2030,2023-01-22 21:12:37.515030060,South,Mouse,Accessories,2,500,1000
2031,2023-01-23 14:43:02.765531062,North,Monitor,Electronics,4,12000,48000
2032,2023-01-24 08:13:28.016032064,West,Mobile,Electronics,5,30000,150000
2033,2023-01-25 01:43:53.266533066,East,Headphones,Accessories,2,2000,4000
2034,2023-01-25 19:14:18.517034068,North,Headphones,Accessories,2,2000,4000
2035,2023-01-26 12:44:43.767535070,West,Monitor,Electronics,4,12000,48000
2036,2023-01-27 06:15:09.018036072,North,Headphones,Accessories,1,2000,2000
2037,2023-01-27 23:45:34.268537074,North,Charger,Accessories,5,800,4000
2038,2023-01-28 17:15:59.519038076,West,Laptop,Electronics,1,55000,55000
2039,2023-01-29 10:46:24.769539078,West,Laptop,Electronics,4,55000,220000
2040,2023-01-30 04:16:50.020040080,East,Charger,Accessories,3,800,2400
2041,2023-01-30 21:47:15.270541082,East,Laptop,Electronics,3,55000,165000
2042,2023-01-31 15:17:40.521042084,North,Laptop,Electronics,3,55000,165000
2043,2023-02-01 08:48:05.771543086,North,Mouse,Accessories,2,500,1000
2044,2023-02-02 02:18:31.022044088,West,Monitor,Electronics,1,12000,12000
2045,2023-02-02 19:48:56.272545090,North,Monitor,Electronics,2,12000,24000
2046,2023-02-03 13:19:21.523046092,East,Charger,Accessories,5,800,4000
2047,2023-02-04 06:49:46.773547094,East,Monitor,Electronics,3,12000,36000
2048,2023-02-05 00:20:12.024048096,North,Laptop,Electronics,3,55000,165000
2049,2023-02-05 17:50:37.274549098,North,Charger,Accessories,3,800,2400
2050,2023-02-06 11:21:02.525050100,East,Headphones,Accessories,2,2000,4000
2051,2023-02-07 04:51:27.775551102,North,Charger,Accessories,3,800,2400
2052,2023-02-07 22:21:53.026052104,South,Charger,Accessories,2,800,1600
2053,2023-02-08 15:52:18.276553106,East,Monitor,Electronics,5,12000,60000
2054,2023-02-09 09:22:43.527054108,West,Charger,Accessories,1,800,800
2055,2023-02-10 02:53:08.777555110,South,Headphones,Accessories,4,2000,8000
2056,2023-02-10 20:23:34.028056112,East,Headphones,Accessories,5,2000,10000
2057,2023-02-11 13:53:59.278557114,West,Keyboard,Accessories,5,1500,7500
2058,2023-02-12 07:24:24.529058116,East,Headphones,Accessories,3,2000,6000
2059,2023-02-13 00:54:49.779559118,South,Mobile,Electronics,4,30000,120000
2060,2023-02-13 18:25:15.030060120,South,Mouse,Accessories,5,500,2500
2061,2023-02-14 11:55:40.280561122,South,Laptop,Electronics,5,55000,275000
2062,2023-02-15 05:26:05.531062124,West,Monitor,Electronics,4,12000,48000
2063,2023-02-15 22:56:30.781563126,South,Monitor,Electronics,4,12000,48000
2064,2023-02-16 16:26:56.032064128,West,Mobile,Electronics,3,30000,90000
2065,2023-02-17 09:57:21.282565130,North,Mouse,Accessories,4,500,2000
2066,2023-02-18 03:27:46.533066132,North,Charger,Accessories,1,800,800
2067,2023-02-18 20:58:11.783567134,South,Laptop,Electronics,3,55000,165000
2068,2023-02-19 14:28:37.034068136,North,Laptop,Electronics,4,55000,220000
2069,2023-02-20 07:59:02.284569138,East,Laptop,Electronics,3,55000,165000
2070,2023-02-21 01:29:27.535070140,North,Mobile,Electronics,3,30000,90000
2071,2023-02-21 18:59:52.785571142,North,Mobile,Electronics,5,30000,150000
2072,2023-02-22 12:30:18.036072145,West,Keyboard,Accessories,2,1500,3000
2073,2023-02-23 06:00:43.286573147,South,Charger,Accessories,3,800,2400
2074,2023-02-23 23:31:08.537074149,North,Laptop,Electronics,4,55000,220000
2075,2023-02-24 17:01:33.787575151,South,Mobile,Electronics,1,30000,30000
2076,2023-02-25 10:31:59.038076153,South,Monitor,Electronics,4,12000,48000
2077,2023-02-26 04:02:24.288577155,East,Charger,Accessories,2,800,1600
2078,2023-02-26 21:32:49.539078157,North,Laptop,Electronics,5,55000,275000
2079,2023-02-27 15:03:14.789579159,North,Laptop,Electronics,3,55000,165000
2080,2023-02-28 08:33:40.040080161,West,Mouse,Accessories,2,500,1000
2081,2023-03-01 02:04:05.290581163,West,Mobile,Electronics,5,30000,150000
2082,2023-03-01 19:34:30.541082165,East,Laptop,Electronics,1,55000,55000
2083,2023-03-02 13:04:55.791583167,North,Mobile,Electronics,2,30000,60000
2084,2023-03-03 06:35:21.042084169,West,Monitor,Electronics,2,12000,24000
2085,2023-03-04 00:05:46.292585171,East,Mobile,Electronics,4,30000,120000
2086,2023-03-04 17:36:11.543086173,North,Keyboard,Accessories,3,1500,4500
2087,2023-03-05 11:06:36.793587175,West,Charger,Accessories,5,800,4000
2088,2023-03-06 04:37:02.044088177,East,Mouse,Accessories,3,500,1500
2089,2023-03-06 22:07:27.294589179,West,Laptop,Electronics,1,55000,55000
2090,2023-03-07 15:37:52.545090181,East,Keyboard,Accessories,5,1500,7500
2091,2023-03-08 09:08:17.795591183,East,Monitor,Electronics,4,12000,48000
2092,2023-03-09 02:38:43.046092185,South,Monitor,Electronics,3,12000,36000
2093,2023-03-09 20:09:08.296593187,West,Keyboard,Accessories,3,1500,4500
2094,2023-03-10 13:39:33.547094189,North,Charger,Accessories,4,800,3200
2095,2023-03-11 07:09:58.797595191,West,Laptop,Electronics,2,55000,110000
2096,2023-03-12 00:40:24.048096193,West,Laptop,Electronics,3,55000,165000
2097,2023-03-12 18:10:49.298597195,South,Laptop,Electronics,1,55000,55000
2098,2023-03-13 11:41:14.549098197,East,Charger,Accessories,2,800,1600
2099,2023-03-14 05:11:39.799599199,West,Charger,Accessories,4,800,3200
2100,2023-03-14 22:42:05.050100201,West,Mouse,Accessories,1,500,500
2101,2023-03-15 16:12:30.300601203,South,Monitor,Electronics,1,12000,12000
2102,2023-03-16 09:42:55.551102205,North,Laptop,Electronics,4,55000,220000
2103,2023-03-17 03:13:20.801603207,East,Headphones,Accessories,3,2000,6000
2104,2023-03-17 20:43:46.052104209,East,Laptop,Electronics,1,55000,55000
2105,2023-03-18 14:14:11.302605211,West,Keyboard,Accessories,3,1500,4500
2106,2023-03-19 07:44:36.553106213,West,Mobile,Electronics,1,30000,30000
2107,2023-03-20 01:15:01.803607215,North,Monitor,Electronics,3,12000,36000
2108,2023-03-20 18:45:27.054108217,South,Monitor,Electronics,4,12000,48000
2109,2023-03-21 12:15:52.304609219,East,Keyboard,Accessories,1,1500,1500
2110,2023-03-22 05:46:17.555110221,South,Laptop,Electronics,5,55000,275000
2111,2023-03-22 23:16:42.805611223,South,Mobile,Electronics,2,30000,60000
2112,2023-03-23 16:47:08.056112225,West,Mobile,Electronics,3,30000,90000
2113,2023-03-24 10:17:33.306613227,West,Headphones,Accessories,1,2000,2000
2114,2023-03-25 03:47:58.557114229,North,Laptop,Electronics,4,55000,220000
2115,2023-03-25 21:18:23.807615231,West,Mobile,Electronics,5,30000,150000
2116,2023-03-26 14:48:49.058116233,North,Monitor,Electronics,3,12000,36000
2117,2023-03-27 08:19:14.308617235,East,Laptop,Electronics,4,55000,220000
2118,2023-03-28 01:49:39.559118237,East,Keyboard,Accessories,5,1500,7500
2119,2023-03-28 19:20:04.809619239,East,Mobile,Electronics,3,30000,90000
2120,2023-03-29 12:50:30.060120241,South,Mouse,Accessories,5,500,2500
2121,2023-03-30 06:20:55.310621243,East,Laptop,Electronics,4,55000,220000
2122,2023-03-30 23:51:20.561122245,West,Laptop,Electronics,5,55000,275000
2123,2023-03-31 17:21:45.811623247,West,Headphones,Accessories,3,2000,6000
2124,2023-04-01 10:52:11.062124249,West,Keyboard,Accessories,1,1500,1500
2125,2023-04-02 04:22:36.312625251,West,Laptop,Electronics,4,55000,220000
2126,2023-04-02 21:53:01.563126253,South,Mobile,Electronics,5,30000,150000
2127,2023-04-03 15:23:26.813627255,West,Headphones,Accessories,3,2000,6000
2128,2023-04-04 08:53:52.064128257,West,Laptop,Electronics,5,55000,275000
2129,2023-04-05 02:24:17.314629259,South,Headphones,Accessories,1,2000,2000
2130,2023-04-05 19:54:42.565130261,West,Headphones,Accessories,3,2000,6000
2131,2023-04-06 13:25:07.815631263,East,Laptop,Electronics,4,55000,220000
2132,2023-04-07 06:55:33.066132265,West,Headphones,Accessories,5,2000,10000
2133,2023-04-08 00:25:58.316633267,West,Charger,Accessories,1,800,800
2134,2023-04-08 17:56:23.567134269,North,Keyboard,Accessories,2,1500,3000
2135,2023-04-09 11:26:48.817635271,East,Mouse,Accessories,2,500,1000
2136,2023-04-10 04:57:14.068136273,West,Mobile,Electronics,2,30000,60000
2137,2023-04-10 22:27:39.318637275,East,Charger,Accessories,2,800,1600
2138,2023-04-11 15:58:04.569138277,South,Keyboard,Accessories,2,1500,3000
2139,2023-04-12 09:28:29.819639279,West,Mouse,Accessories,1,500,500
2140,2023-04-13 02:58:55.070140281,East,Laptop,Electronics,1,55000,55000
2141,2023-04-13 20:29:20.320641283,South,Mobile,Electronics,5,30000,150000
2142,2023-04-14 13:59:45.571142285,East,Charger,Accessories,2,800,1600
2143,2023-04-15 07:30:10.821643288,West,Mouse,Accessories,1,500,500
2144,2023-04-16 01:00:36.072144290,South,Headphones,Accessories,4,2000,8000
2145,2023-04-16 18:31:01.322645292,West,Charger,Accessories,1,800,800
2146,2023-04-17 12:01:26.573146294,North,Headphones,Accessories,4,2000,8000
2147,2023-04-18 05:31:51.823647296,East,Mobile,Electronics,4,30000,120000
2148,2023-04-18 23:02:17.074148298,South,Charger,Accessories,4,800,3200
2149,2023-04-19 16:32:42.324649300,North,Mouse,Accessories,3,500,1500
2150,2023-04-20 10:03:07.575150302,South,Mouse,Accessories,5,500,2500
2151,2023-04-21 03:33:32.825651304,South,Mouse,Accessories,2,500,1000
2152,2023-04-21 21:03:58.076152306,South,Laptop,Electronics,4,55000,220000
2153,2023-04-22 14:34:23.326653308,West,Mobile,Electronics,3,30000,90000
2154,2023-04-23 08:04:48.577154310,West,Headphones,Accessories,1,2000,2000
2155,2023-04-24 01:35:13.827655312,West,Headphones,Accessories,4,2000,8000
2156,2023-04-24 19:05:39.078156314,East,Monitor,Electronics,5,12000,60000
2157,2023-04-25 12:36:04.328657316,West,Monitor,Electronics,5,12000,60000
2158,2023-04-26 06:06:29.579158318,East,Monitor,Electronics,3,12000,36000
2159,2023-04-26 23:36:54.829659320,South,Monitor,Electronics,5,12000,60000
2160,2023-04-27 17:07:20.080160322,South,Monitor,Electronics,2,12000,24000
2161,2023-04-28 10:37:45.330661324,West,Keyboard,Accessories,1,1500,1500
2162,2023-04-29 04:08:10.581162326,West,Charger,Accessories,3,800,2400
2163,2023-04-29 21:38:35.831663328,North,Mouse,Accessories,2,500,1000
2164,2023-04-30 15:09:01.082164330,South,Mouse,Accessories,5,500,2500
2165,2023-05-01 08:39:26.332665332,West,Charger,Accessories,1,800,800
2166,2023-05-02 02:09:51.583166334,South,Headphones,Accessories,1,2000,2000
2167,2023-05-02 19:40:16.833667336,East,Mouse,Accessories,1,500,500
2168,2023-05-03 13:10:42.084168338,West,Mouse,Accessories,1,500,500
2169,2023-05-04 06:41:07.334669340,North,Headphones,Accessories,5,2000,10000
2170,2023-05-05 00:11:32.585170342,South,Headphones,Accessories,5,2000,10000
2171,2023-05-05 17:41:57.835671344,West,Headphones,Accessories,3,2000,6000
2172,2023-05-06 11:12:23.086172346,North,Mouse,Accessories,3,500,1500
2173,2023-05-07 04:42:48.336673348,North,Mobile,Electronics,1,30000,30000
2174,2023-05-07 22:13:13.587174350,North,Mobile,Electronics,4,30000,120000
2175,2023-05-08 15:43:38.837675352,South,Charger,Accessories,1,800,800
2176,2023-05-09 09:14:04.088176354,North,Mobile,Electronics,4,30000,120000
2177,2023-05-10 02:44:29.338677356,South,Monitor,Electronics,2,12000,24000
2178,2023-05-10 20:14:54.589178358,North,Headphones,Accessories,4,2000,8000
2179,2023-05-11 13:45:19.839679360,East,Mobile,Electronics,5,30000,150000
2180,2023-05-12 07:15:45.090180362,South,Mouse,Accessories,2,500,1000
2181,2023-05-13 00:46:10.340681364,South,Headphones,Accessories,4,2000,8000
2182,2023-05-13 18:16:35.591182366,South,Monitor,Electronics,2,12000,24000
2183,2023-05-14 11:47:00.841683368,West,Keyboard,Accessories,2,1500,3000
2184,2023-05-15 05:17:26.092184370,North,Laptop,Electronics,5,55000,275000
2185,2023-05-15 22:47:51.342685372,North,Monitor,Electronics,2,12000,24000
2186,2023-05-16 16:18:16.593186374,West,Monitor,Electronics,3,12000,36000
2187,2023-05-17 09:48:41.843687376,East,Monitor,Electronics,2,12000,24000
2188,2023-05-18 03:19:07.094188378,North,Monitor,Electronics,1,12000,12000
2189,2023-05-18 20:49:32.344689380,East,Headphones,Accessories,3,2000,6000
2190,2023-05-19 14:19:57.595190382,East,Headphones,Accessories,4,2000,8000
2191,2023-05-20 07:50:22.845691384,West,Laptop,Electronics,1,55000,55000
2192,2023-05-21 01:20:48.096192386,West,Mouse,Accessories,3,500,1500
2193,2023-05-21 18:51:13.346693388,West,Headphones,Accessories,5,2000,10000
2194,2023-05-22 12:21:38.597194390,North,Charger,Accessories,2,800,1600
2195,2023-05-23 05:52:03.847695392,East,Keyboard,Accessories,2,1500,3000
2196,2023-05-23 23:22:29.098196394,South,Charger,Accessories,1,800,800
2197,2023-05-24 16:52:54.348697396,South,Headphones,Accessories,2,2000,4000
2198,2023-05-25 10:23:19.599198398,East,Mouse,Accessories,2,500,1000
2199,2023-05-26 03:53:44.849699400,South,Laptop,Electronics,4,55000,220000
2200,2023-05-26 21:24:10.100200402,North,Headphones,Accessories,2,2000,4000
2201,2023-05-27 14:54:35.350701404,West,Keyboard,Accessories,5,1500,7500
2202,2023-05-28 08:25:00.601202406,North,Monitor,Electronics,1,12000,12000
2203,2023-05-29 01:55:25.851703408,West,Headphones,Accessories,1,2000,2000
2204,2023-05-29 19:25:51.102204410,North,Mouse,Accessories,5,500,2500
2205,2023-05-30 12:56:16.352705412,East,Keyboard,Accessories,1,1500,1500
2206,2023-05-31 06:26:41.603206414,North,Monitor,Electronics,2,12000,24000
2207,2023-05-31 23:57:06.853707416,West,Charger,Accessories,5,800,4000
2208,2023-06-01 17:27:32.104208418,East,Laptop,Electronics,5,55000,275000
2209,2023-06-02 10:57:57.354709420,North,Laptop,Electronics,3,55000,165000
2210,2023-06-03 04:28:22.605210422,North,Mobile,Electronics,1,30000,30000
2211,2023-06-03 21:58:47.855711424,West,Mobile,Electronics,4,30000,120000
2212,2023-06-04 15:29:13.106212426,East,Laptop,Electronics,5,55000,275000
2213,2023-06-05 08:59:38.356713428,West,Keyboard,Accessories,1,1500,1500
2214,2023-06-06 02:30:03.607214430,North,Monitor,Electronics,5,12000,60000
2215,2023-06-06 20:00:28.857715432,North,Keyboard,Accessories,4,1500,6000
2216,2023-06-07 13:30:54.108216434,South,Charger,Accessories,4,800,3200
2217,2023-06-08 07:01:19.358717436,East,Charger,Accessories,4,800,3200
2218,2023-06-09 00:31:44.609218438,North,Mouse,Accessories,5,500,2500
2219,2023-06-09 18:02:09.859719440,North,Keyboard,Accessories,4,1500,6000
2220,2023-06-10 11:32:35.110220442,North,Monitor,Electronics,3,12000,36000
2221,2023-06-11 05:03:00.360721444,East,Monitor,Electronics,5,12000,60000
2222,2023-06-11 22:33:25.611222446,North,Laptop,Electronics,5,55000,275000
2223,2023-06-12 16:03:50.861723448,East,Mouse,Accessories,2,500,1000
2224,2023-06-13 09:34:16.112224450,North,Mobile,Electronics,2,30000,60000
2225,2023-06-14 03:04:41.362725452,East,Keyboard,Accessories,5,1500,7500
2226,2023-06-14 20:35:06.613226454,East,Keyboard,Accessories,2,1500,3000
2227,2023-06-15 14:05:31.863727456,South,Monitor,Electronics,1,12000,12000
2228,2023-06-16 07:35:57.114228458,North,Mouse,Accessories,4,500,2000
2229,2023-06-17 01:06:22.364729460,West,Headphones,Accessories,5,2000,10000
2230,2023-06-17 18:36:47.615230462,South,Mouse,Accessories,1,500,500
2231,2023-06-18 12:07:12.865731464,South,Keyboard,Accessories,2,1500,3000
2232,2023-06-19 05:37:38.116232466,North,Headphones,Accessories,5,2000,10000
2233,2023-06-19 23:08:03.366733468,West,Mobile,Electronics,3,30000,90000
2234,2023-06-20 16:38:28.617234470,South,Headphones,Accessories,1,2000,2000
2235,2023-06-21 10:08:53.867735472,East,Monitor,Electronics,1,12000,12000
2236,2023-06-22 03:39:19.118236474,North,Charger,Accessories,1,800,800
2237,2023-06-22 21:09:44.368737476,South,Monitor,Electronics,4,12000,48000
2238,2023-06-23 14:40:09.619238478,North,Monitor,Electronics,3,12000,36000
2239,2023-06-24 08:10:34.869739480,South,Monitor,Electronics,3,12000,36000
2240,2023-06-25 01:41:00.120240482,East,Mouse,Accessories,3,500,1500
2241,2023-06-25 19:11:25.370741484,North,Mobile,Electronics,3,30000,90000
2242,2023-06-26 12:41:50.621242486,West,Headphones,Accessories,2,2000,4000
2243,2023-06-27 06:12:15.871743488,West,Mobile,Electronics,2,30000,60000
2244,2023-06-27 23:42:41.122244490,East,Monitor,Electronics,5,12000,60000
2245,2023-06-28 17:13:06.372745492,East,Laptop,Electronics,1,55000,55000
2246,2023-06-29 10:43:31.623246494,South,Headphones,Accessories,4,2000,8000
2247,2023-06-30 04:13:56.873747496,North,Laptop,Electronics,4,55000,220000
2248,2023-06-30 21:44:22.124248498,South,Laptop,Electronics,1,55000,55000
2249,2023-07-01 15:14:47.374749500,West,Headphones,Accessories,2,2000,4000
2250,2023-07-02 08:45:12.625250502,North,Headphones,Accessories,5,2000,10000
2251,2023-07-03 02:15:37.875751504,West,Charger,Accessories,5,800,4000
2252,2023-07-03 19:46:03.126252506,East,Mobile,Electronics,5,30000,150000
2253,2023-07-04 13:16:28.376753508,West,Monitor,Electronics,5,12000,60000
2254,2023-07-05 06:46:53.627254510,West,Keyboard,Accessories,3,1500,4500
2255,2023-07-06 00:17:18.877755512,East,Laptop,Electronics,2,55000,110000
2256,2023-07-06 17:47:44.128256514,South,Laptop,Electronics,1,55000,55000
2257,2023-07-07 11:18:09.378757516,North,Charger,Accessories,1,800,800
2258,2023-07-08 04:48:34.629258518,West,Mobile,Electronics,3,30000,90000
2259,2023-07-08 22:18:59.879759520,East,Charger,Accessories,1,800,800
2260,2023-07-09 15:49:25.130260522,West,Monitor,Electronics,2,12000,24000
2261,2023-07-10 09:19:50.380761524,West,Mobile,Electronics,4,30000,120000
2262,2023-07-11 02:50:15.631262526,West,Monitor,Electronics,5,12000,60000
2263,2023-07-11 20:20:40.881763528,West,Mouse,Accessories,4,500,2000
2264,2023-07-12 13:51:06.132264530,West,Mouse,Accessories,2,500,1000
2265,2023-07-13 07:21:31.382765532,West,Mouse,Accessories,4,500,2000
2266,2023-07-14 00:51:56.633266534,West,Headphones,Accessories,1,2000,2000
2267,2023-07-14 18:22:21.883767536,North,Keyboard,Accessories,1,1500,1500
2268,2023-07-15 11:52:47.134268538,West,Laptop,Electronics,5,55000,275000
2269,2023-07-16 05:23:12.384769540,West,Headphones,Accessories,4,2000,8000
2270,2023-07-16 22:53:37.635270542,South,Headphones,Accessories,5,2000,10000
2271,2023-07-17 16:24:02.885771544,South,Keyboard,Accessories,5,1500,7500
2272,2023-07-18 09:54:28.136272546,West,Mouse,Accessories,3,500,1500
2273,2023-07-19 03:24:53.386773548,South,Headphones,Accessories,1,2000,2000
2274,2023-07-19 20:55:18.637274550,East,Mouse,Accessories,2,500,1000
2275,2023-07-20 14:25:43.887775552,East,Headphones,Accessories,5,2000,10000
2276,2023-07-21 07:56:09.138276554,South,Laptop,Electronics,1,55000,55000
2277,2023-07-22 01:26:34.388777556,East,Charger,Accessories,1,800,800
2278,2023-07-22 18:56:59.639278558,East,Headphones,Accessories,2,2000,4000
2279,2023-07-23 12:27:24.889779560,East,Laptop,Electronics,3,55000,165000
2280,2023-07-24 05:57:50.140280562,North,Laptop,Electronics,5,55000,275000
2281,2023-07-24 23:28:15.390781564,East,Mouse,Accessories,1,500,500
2282,2023-07-25 16:58:40.641282566,North,Charger,Accessories,1,800,800
2283,2023-07-26 10:29:05.891783568,North,Charger,Accessories,4,800,3200
2284,2023-07-27 03:59:31.142284570,South,Headphones,Accessories,5,2000,10000
2285,2023-07-27 21:29:56.392785572,East,Keyboard,Accessories,5,1500,7500
2286,2023-07-28 15:00:21.643286576,North,Headphones,Accessories,5,2000,10000
2287,2023-07-29 08:30:46.893787576,East,Mouse,Accessories,2,500,1000
2288,2023-07-30 02:01:12.144288580,South,Laptop,Electronics,5,55000,275000
2289,2023-07-30 19:31:37.394789580,East,Laptop,Electronics,1,55000,55000
2290,2023-07-31 13:02:02.645290584,West,Headphones,Accessories,5,2000,10000
2291,2023-08-01 06:32:27.895791584,North,Mobile,Electronics,1,30000,30000
2292,2023-08-02 00:02:53.146292588,East,Mouse,Accessories,4,500,2000
2293,2023-08-02 17:33:18.396793588,South,Charger,Accessories,2,800,1600
2294,2023-08-03 11:03:43.647294592,East,Mouse,Accessories,3,500,1500
2295,2023-08-04 04:34:08.897795592,North,Mouse,Accessories,4,500,2000
2296,2023-08-04 22:04:34.148296596,North,Mobile,Electronics,4,30000,120000
2297,2023-08-05 15:34:59.398797596,North,Mobile,Electronics,3,30000,90000
2298,2023-08-06 09:05:24.649298600,North,Laptop,Electronics,5,55000,275000
2299,2023-08-07 02:35:49.899799600,East,Mobile,Electronics,2,30000,60000
2300,2023-08-07 20:06:15.150300604,South,Keyboard,Accessories,4,1500,6000
2301,2023-08-08 13:36:40.400801604,South,Mobile,Electronics,2,30000,60000
2302,2023-08-09 07:07:05.651302608,East,Mouse,Accessories,3,500,1500
2303,2023-08-10 00:37:30.901803608,West,Charger,Accessories,2,800,1600
2304,2023-08-10 18:07:56.152304612,West,Laptop,Electronics,1,55000,55000
2305,2023-08-11 11:38:21.402805612,South,Charger,Accessories,4,800,3200
2306,2023-08-12 05:08:46.653306616,East,Charger,Accessories,2,800,1600
2307,2023-08-12 22:39:11.903807616,North,Laptop,Electronics,5,55000,275000
2308,2023-08-13 16:09:37.154308620,West,Monitor,Electronics,2,12000,24000
2309,2023-08-14 09:40:02.404809620,North,Laptop,Electronics,2,55000,110000
2310,2023-08-15 03:10:27.655310624,West,Monitor,Electronics,4,12000,48000
2311,2023-08-15 20:40:52.905811624,South,Headphones,Accessories,2,2000,4000
2312,2023-08-16 14:11:18.156312628,North,Headphones,Accessories,2,2000,4000
2313,2023-08-17 07:41:43.406813628,East,Mobile,Electronics,3,30000,90000
2314,2023-08-18 01:12:08.657314632,East,Keyboard,Accessories,3,1500,4500
2315,2023-08-18 18:42:33.907815632,South,Laptop,Electronics,3,55000,165000
2316,2023-08-19 12:12:59.158316636,West,Monitor,Electronics,4,12000,48000
2317,2023-08-20 05:43:24.408817636,West,Laptop,Electronics,3,55000,165000
2318,2023-08-20 23:13:49.659318640,North,Keyboard,Accessories,3,1500,4500
2319,2023-08-21 16:44:14.909819640,South,Mouse,Accessories,5,500,2500
2320,2023-08-22 10:14:40.160320644,North,Keyboard,Accessories,3,1500,4500
2321,2023-08-23 03:45:05.410821644,West,Headphones,Accessories,2,2000,4000
2322,2023-08-23 21:15:30.661322648,South,Mouse,Accessories,5,500,2500
2323,2023-08-24 14:45:55.911823648,North,Headphones,Accessories,1,2000,2000
2324,2023-08-25 08:16:21.162324652,South,Laptop,Electronics,4,55000,220000
2325,2023-08-26 01:46:46.412825652,North,Mobile,Electronics,2,30000,60000
2326,2023-08-26 19:17:11.663326656,North,Mobile,Electronics,2,30000,60000
2327,2023-08-27 12:47:36.913827656,South,Keyboard,Accessories,1,1500,1500
2328,2023-08-28 06:18:02.164328660,South,Laptop,Electronics,1,55000,55000
2329,2023-08-28 23:48:27.414829660,East,Charger,Accessories,3,800,2400
2330,2023-08-29 17:18:52.665330664,South,Headphones,Accessories,1,2000,2000
2331,2023-08-30 10:49:17.915831664,West,Monitor,Electronics,1,12000,12000
2332,2023-08-31 04:19:43.166332668,North,Laptop,Electronics,3,55000,165000
2333,2023-08-31 21:50:08.416833668,West,Monitor,Electronics,2,12000,24000
2334,2023-09-01 15:20:33.667334672,North,Charger,Accessories,2,800,1600
2335,2023-09-02 08:50:58.917835672,West,Mouse,Accessories,3,500,1500
2336,2023-09-03 02:21:24.168336676,East,Keyboard,Accessories,3,1500,4500
2337,2023-09-03 19:51:49.418837676,East,Charger,Accessories,3,800,2400
2338,2023-09-04 13:22:14.669338680,South,Monitor,Electronics,5,12000,60000
2339,2023-09-05 06:52:39.919839680,East,Mouse,Accessories,3,500,1500
2340,2023-09-06 00:23:05.170340684,East,Charger,Accessories,1,800,800
2341,2023-09-06 17:53:30.420841684,South,Headphones,Accessories,4,2000,8000
2342,2023-09-07 11:23:55.671342688,North,Charger,Accessories,1,800,800
2343,2023-09-08 04:54:20.921843688,South,Charger,Accessories,2,800,1600
2344,2023-09-08 22:24:46.172344692,North,Monitor,Electronics,1,12000,12000
2345,2023-09-09 15:55:11.422845692,North,Headphones,Accessories,4,2000,8000
2346,2023-09-10 09:25:36.673346696,East,Monitor,Electronics,2,12000,24000
2347,2023-09-11 02:56:01.923847696,South,Laptop,Electronics,5,55000,275000
2348,2023-09-11 20:26:27.174348700,East,Charger,Accessories,4,800,3200
2349,2023-09-12 13:56:52.424849700,East,Mobile,Electronics,2,30000,60000
2350,2023-09-13 07:27:17.675350704,East,Laptop,Electronics,4,55000,220000
2351,2023-09-14 00:57:42.925851704,North,Mouse,Accessories,1,500,500
2352,2023-09-14 18:28:08.176352708,South,Mobile,Electronics,4,30000,120000
2353,2023-09-15 11:58:33.426853708,West,Mouse,Accessories,3,500,1500
2354,2023-09-16 05:28:58.677354712,South,Keyboard,Accessories,5,1500,7500
2355,2023-09-16 22:59:23.927855712,North,Headphones,Accessories,1,2000,2000
2356,2023-09-17 16:29:49.178356716,South,Headphones,Accessories,5,2000,10000
2357,2023-09-18 10:00:14.428857716,South,Mobile,Electronics,4,30000,120000
2358,2023-09-19 03:30:39.679358720,East,Keyboard,Accessories,1,1500,1500
2359,2023-09-19 21:01:04.929859720,East,Keyboard,Accessories,3,1500,4500
2360,2023-09-20 14:31:30.180360724,West,Headphones,Accessories,4,2000,8000
2361,2023-09-21 08:01:55.430861724,West,Charger,Accessories,2,800,1600
2362,2023-09-22 01:32:20.681362728,West,Monitor,Electronics,3,12000,36000
2363,2023-09-22 19:02:45.931863728,South,Charger,Accessories,1,800,800
2364,2023-09-23 12:33:11.182364732,South,Mobile,Electronics,3,30000,90000
2365,2023-09-24 06:03:36.432865732,East,Laptop,Electronics,2,55000,110000
2366,2023-09-24 23:34:01.683366736,East,Keyboard,Accessories,2,1500,3000
2367,2023-09-25 17:04:26.933867736,North,Headphones,Accessories,4,2000,8000
2368,2023-09-26 10:34:52.184368740,South,Mobile,Electronics,2,30000,60000
2369,2023-09-27 04:05:17.434869740,West,Monitor,Electronics,3,12000,36000
2370,2023-09-27 21:35:42.685370744,North,Laptop,Electronics,4,55000,220000
2371,2023-09-28 15:06:07.935871744,South,Monitor,Electronics,1,12000,12000
2372,2023-09-29 08:36:33.186372748,South,Mobile,Electronics,5,30000,150000
2373,2023-09-30 02:06:58.436873748,North,Keyboard,Accessories,4,1500,6000
2374,2023-09-30 19:37:23.687374752,North,Keyboard,Accessories,3,1500,4500
2375,2023-10-01 13:07:48.937875752,West,Mobile,Electronics,2,30000,60000
2376,2023-10-02 06:38:14.188376756,East,Mouse,Accessories,5,500,2500
2377,2023-10-03 00:08:39.438877756,South,Mouse,Accessories,4,500,2000
2378,2023-10-03 17:39:04.689378760,West,Headphones,Accessories,2,2000,4000
2379,2023-10-04 11:09:29.939879760,North,Laptop,Electronics,5,55000,275000
2380,2023-10-05 04:39:55.190380764,East,Laptop,Electronics,1,55000,55000
2381,2023-10-05 22:10:20.440881764,South,Charger,Accessories,3,800,2400
2382,2023-10-06 15:40:45.691382768,North,Charger,Accessories,1,800,800
2383,2023-10-07 09:11:10.941883768,West,Mobile,Electronics,4,30000,120000
2384,2023-10-08 02:41:36.192384772,West,Mouse,Accessories,5,500,2500
2385,2023-10-08 20:12:01.442885772,South,Keyboard,Accessories,1,1500,1500
2386,2023-10-09 13:42:26.693386776,East,Monitor,Electronics,3,12000,36000
2387,2023-10-10 07:12:51.943887776,West,Laptop,Electronics,4,55000,220000
2388,2023-10-11 00:43:17.194388780,North,Headphones,Accessories,3,2000,6000
2389,2023-10-11 18:13:42.444889780,South,Headphones,Accessories,4,2000,8000
2390,2023-10-12 11:44:07.695390784,North,Keyboard,Accessories,5,1500,7500
2391,2023-10-13 05:14:32.945891784,East,Headphones,Accessories,3,2000,6000
2392,2023-10-13 22:44:58.196392788,South,Mobile,Electronics,2,30000,60000
2393,2023-10-14 16:15:23.446893788,North,Monitor,Electronics,1,12000,12000
2394,2023-10-15 09:45:48.697394792,South,Mouse,Accessories,1,500,500
2395,2023-10-16 03:16:13.947895792,North,Charger,Accessories,3,800,2400
2396,2023-10-16 20:46:39.198396796,East,Mobile,Electronics,1,30000,30000
2397,2023-10-17 14:17:04.448897796,North,Charger,Accessories,1,800,800
2398,2023-10-18 07:47:29.699398800,East,Laptop,Electronics,1,55000,55000
2399,2023-10-19 01:17:54.949899800,South,Charger,Accessories,2,800,1600
2400,2023-10-19 18:48:20.200400804,East,Headphones,Accessories,3,2000,6000
2401,2023-10-20 12:18:45.450901804,East,Keyboard,Accessories,3,1500,4500
2402,2023-10-21 05:49:10.701402808,West,Keyboard,Accessories,2,1500,3000
2403,2023-10-21 23:19:35.951903808,North,Monitor,Electronics,5,12000,60000
2404,2023-10-22 16:50:01.202404812,West,Monitor,Electronics,3,12000,36000
2405,2023-10-23 10:20:26.452905812,North,Headphones,Accessories,1,2000,2000
2406,2023-10-24 03:50:51.703406816,East,Headphones,Accessories,5,2000,10000
2407,2023-10-24 21:21:16.953907816,South,Charger,Accessories,1,800,800
2408,2023-10-25 14:51:42.204408820,South,Monitor,Electronics,2,12000,24000
2409,2023-10-26 08:22:07.454909820,South,Headphones,Accessories,3,2000,6000
2410,2023-10-27 01:52:32.705410824,East,Laptop,Electronics,5,55000,275000
2411,2023-10-27 19:22:57.955911824,North,Charger,Accessories,4,800,3200
2412,2023-10-28 12:53:23.206412828,West,Monitor,Electronics,5,12000,60000
2413,2023-10-29 06:23:48.456913828,East,Headphones,Accessories,5,2000,10000
2414,2023-10-29 23:54:13.707414832,North,Monitor,Electronics,4,12000,48000
2415,2023-10-30 17:24:38.957915832,East,Mouse,Accessories,3,500,1500
2416,2023-10-31 10:55:04.208416836,West,Keyboard,Accessories,3,1500,4500
2417,2023-11-01 04:25:29.458917836,East,Monitor,Electronics,2,12000,24000
2418,2023-11-01 21:55:54.709418840,West,Keyboard,Accessories,5,1500,7500
2419,2023-11-02 15:26:19.959919840,West,Keyboard,Accessories,2,1500,3000
2420,2023-11-03 08:56:45.210420844,South,Mobile,Electronics,2,30000,60000
2421,2023-11-04 02:27:10.460921844,South,Keyboard,Accessories,4,1500,6000
2422,2023-11-04 19:57:35.711422848,North,Headphones,Accessories,2,2000,4000
2423,2023-11-05 13:28:00.961923848,East,Laptop,Electronics,4,55000,220000
2424,2023-11-06 06:58:26.212424852,West,Monitor,Electronics,4,12000,48000
2425,2023-11-07 00:28:51.462925852,West,Monitor,Electronics,5,12000,60000
2426,2023-11-07 17:59:16.713426856,North,Headphones,Accessories,2,2000,4000
2427,2023-11-08 11:29:41.963927856,North,Monitor,Electronics,2,12000,24000
2428,2023-11-09 05:00:07.214428860,North,Mobile,Electronics,3,30000,90000
2429,2023-11-09 22:30:32.464929860,South,Mobile,Electronics,1,30000,30000
2430,2023-11-10 16:00:57.715430864,South,Keyboard,Accessories,1,1500,1500
2431,2023-11-11 09:31:22.965931864,South,Headphones,Accessories,5,2000,10000
2432,2023-11-12 03:01:48.216432868,South,Mobile,Electronics,4,30000,120000
2433,2023-11-12 20:32:13.466933868,North,Charger,Accessories,1,800,800
2434,2023-11-13 14:02:38.717434872,West,Charger,Accessories,3,800,2400
2435,2023-11-14 07:33:03.967935872,East,Charger,Accessories,5,800,4000
2436,2023-11-15 01:03:29.218436876,North,Laptop,Electronics,5,55000,275000
2437,2023-11-15 18:33:54.468937876,North,Mouse,Accessories,4,500,2000
2438,2023-11-16 12:04:19.719438880,North,Headphones,Accessories,2,2000,4000
2439,2023-11-17 05:34:44.969939880,North,Keyboard,Accessories,4,1500,6000
2440,2023-11-17 23:05:10.220440884,South,Mouse,Accessories,3,500,1500
2441,2023-11-18 16:35:35.470941884,East,Mouse,Accessories,2,500,1000
2442,2023-11-19 10:06:00.721442888,North,Mouse,Accessories,3,500,1500
2443,2023-11-20 03:36:25.971943888,West,Keyboard,Accessories,3,1500,4500
2444,2023-11-20 21:06:51.222444892,South,Keyboard,Accessories,3,1500,4500
2445,2023-11-21 14:37:16.472945892,South,Laptop,Electronics,4,55000,220000
2446,2023-11-22 08:07:41.723446896,North,Headphones,Accessories,1,2000,2000
2447,2023-11-23 01:38:06.973947896,South,Headphones,Accessories,3,2000,6000
2448,2023-11-23 19:08:32.224448900,South,Mouse,Accessories,4,500,2000
2449,2023-11-24 12:38:57.474949900,East,Headphones,Accessories,1,2000,2000
2450,2023-11-25 06:09:22.725450904,North,Laptop,Electronics,4,55000,220000
2451,2023-11-25 23:39:47.975951904,South,Laptop,Electronics,4,55000,220000
2452,2023-11-26 17:10:13.226452908,East,Mobile,Electronics,4,30000,120000
2453,2023-11-27 10:40:38.476953908,East,Headphones,Accessories,1,2000,2000
2454,2023-11-28 04:11:03.727454912,South,Laptop,Electronics,5,55000,275000
2455,2023-11-28 21:41:28.977955912,East,Charger,Accessories,3,800,2400
2456,2023-11-29 15:11:54.228456916,North,Keyboard,Accessories,5,1500,7500
2457,2023-11-30 08:42:19.478957916,South,Headphones,Accessories,5,2000,10000
2458,2023-12-01 02:12:44.729458920,North,Keyboard,Accessories,2,1500,3000
2459,2023-12-01 19:43:09.979959920,East,Mobile,Electronics,3,30000,90000
2460,2023-12-02 13:13:35.230460924,South,Mouse,Accessories,2,500,1000
2461,2023-12-03 06:44:00.480961924,South,Monitor,Electronics,1,12000,12000
2462,2023-12-04 00:14:25.731462928,East,Mobile,Electronics,3,30000,90000
2463,2023-12-04 17:44:50.981963928,West,Monitor,Electronics,1,12000,12000
2464,2023-12-05 11:15:16.232464932,West,Headphones,Accessories,3,2000,6000
2465,2023-12-06 04:45:41.482965932,East,Mouse,Accessories,2,500,1000
2466,2023-12-06 22:16:06.733466936,West,Mobile,Electronics,2,30000,60000
2467,2023-12-07 15:46:31.983967936,West,Laptop,Electronics,4,55000,220000
2468,2023-12-08 09:16:57.234468940,West,Mouse,Accessories,5,500,2500
2469,2023-12-09 02:47:22.484969940,East,Laptop,Electronics,1,55000,55000
2470,2023-12-09 20:17:47.735470944,East,Keyboard,Accessories,3,1500,4500
2471,2023-12-10 13:48:12.985971944,East,Headphones,Accessories,1,2000,2000
2472,2023-12-11 07:18:38.236472948,East,Headphones,Accessories,3,2000,6000
2473,2023-12-12 00:49:03.486973948,East,Laptop,Electronics,4,55000,220000
2474,2023-12-12 18:19:28.737474952,West,Mouse,Accessories,3,500,1500
2475,2023-12-13 11:49:53.987975952,West,Mobile,Electronics,3,30000,90000
2476,2023-12-14 05:20:19.238476956,North,Monitor,Electronics,4,12000,48000
2477,2023-12-14 22:50:44.488977956,South,Mobile,Electronics,5,30000,150000
2478,2023-12-15 16:21:09.739478960,East,Charger,Accessories,2,800,1600
2479,2023-12-16 09:51:34.989979960,East,Mouse,Accessories,1,500,500
2480,2023-12-17 03:22:00.240480964,West,Headphones,Accessories,3,2000,6000
2481,2023-12-17 20:52:25.490981964,West,Headphones,Accessories,3,2000,6000
2482,2023-12-18 14:22:50.741482968,South,Headphones,Accessories,4,2000,8000
2483,2023-12-19 07:53:15.991983968,East,Mouse,Accessories,1,500,500
2484,2023-12-20 01:23:41.242484972,East,Headphones,Accessories,4,2000,8000
2485,2023-12-20 18:54:06.492985972,East,Mouse,Accessories,2,500,1000
2486,2023-12-21 12:24:31.743486976,West,Charger,Accessories,4,800,3200
2487,2023-12-22 05:54:56.993987976,South,Headphones,Accessories,5,2000,10000
2488,2023-12-22 23:25:22.244488980,South,Mobile,Electronics,1,30000,30000
2489,2023-12-23 16:55:47.494989980,East,Headphones,Accessories,4,2000,8000
2490,2023-12-24 10:26:12.745490984,South,Monitor,Electronics,2,12000,24000
2491,2023-12-25 03:56:37.995991984,South,Monitor,Electronics,1,12000,12000
2492,2023-12-25 21:27:03.246492988,South,Mobile,Electronics,3,30000,90000
2493,2023-12-26 14:57:28.496993988,South,Charger,Accessories,1,800,800
2494,2023-12-27 08:27:53.747494992,South,Keyboard,Accessories,1,1500,1500
2495,2023-12-28 01:58:18.997995992,North,Laptop,Electronics,2,55000,110000
2496,2023-12-28 19:28:44.248496996,South,Laptop,Electronics,1,55000,55000
2497,2023-12-29 12:59:09.498997996,South,Mobile,Electronics,3,30000,90000
2498,2023-12-30 06:29:34.749499000,South,Monitor,Electronics,2,12000,24000
2499,2023-12-31 00:00:00.000000000,South,Headphones,Accessories,5,2000,10000
